{
    "top_features": [
        "Age",
        "EstimatedSalary",
        "CreditScore",
        "Balance",
        "NumOfProducts",
        "IsActiveMember"
    ],
    "feature_means": {
        "Age": 0.15814583333333335,
        "EstimatedSalary": -0.0005744604460367011,
        "CreditScore": -0.010092350746268661,
        "Balance": -0.15943239488546201,
        "NumOfProducts": 0.531375,
        "IsActiveMember": -0.48725
    }
}